Meridian Capital Partners,,,,
Portfolio valuations as at 31 March 2026,,,,
,,,,
Fund Name,Total Commitment,Paid-In,Cumulative Distributions,Net Asset Value
Nordic Growth Partners IV SCSp,15'000.00,11'300.00,2'300.00,13'450.00
Atlantic Buyout Fund VII,"15,700.00","13,100.00","5,300.00","10,850.00"
Thames Venture Fund 3,"9.300,00","6.600,00","0,00","10.100,00"
Helios Infrastructure II,12000,8300,0,10250
Verdant Nature-Based Fund I,6000,3300,0,3900
Cascade Secondaries 2024,8700,4700,300,4950
Iberia Real Estate Partners,9000,5400,0,n/a
Unknown Vehicle SA,5000,1000,0,1200
Total,80700,53700,7900,54700
